sentence_id,word,lemma,category,type,gender,number,case,definite,person,tense,aspect,negation,degree,formation,vform,form
1,Беше,сум,verb,auxiliarry,Nan,Nan,Nan,Nan,Nan,Nan,progressive,Nan,Nan,Nan,indicative,Nan
1,јасен,јасен,Nan,Nan,Nan,Nan,Nan,Nan,Nan,Nan,Nan,Nan,Nan,Nan,Nan,Nan
1,и,и,Nan,Nan,Nan,Nan,Nan,Nan,Nan,Nan,Nan,Nan,Nan,Nan,Nan,Nan
1,студен,студен,Nan,Nan,Nan,Nan,Nan,Nan,Nan,Nan,Nan,Nan,Nan,Nan,Nan,Nan
1,априлски,априлски,Nan,Nan,Nan,Nan,Nan,Nan,Nan,Nan,Nan,Nan,Nan,Nan,Nan,Nan
1,ден,ден,noun,common,masculine,singular,nominative,no,Nan,Nan,Nan,Nan,Nan,Nan,Nan,Nan
1,а,а,Nan,Nan,Nan,Nan,Nan,Nan,Nan,Nan,Nan,Nan,Nan,Nan,Nan,Nan
1,часовниците,часовник,noun,common,masculine,plural,nominative,yes,Nan,Nan,Nan,Nan,Nan,Nan,Nan,Nan
1,отчукуваа,отчукува,verb,main,Nan,Nan,Nan,Nan,Nan,Nan,progressive,Nan,Nan,Nan,indicative,Nan
1,тринаесет,тринаесет,Nan,Nan,Nan,Nan,Nan,Nan,Nan,Nan,Nan,Nan,Nan,Nan,Nan,Nan
2,Винстон,Винстон,noun,proper,masculine,singular,nominative,no,Nan,Nan,Nan,Nan,Nan,Nan,Nan,Nan
2,Смит,Смит,noun,proper,masculine,singular,nominative,no,Nan,Nan,Nan,Nan,Nan,Nan,Nan,Nan
2,со,со,Nan,Nan,Nan,Nan,Nan,Nan,Nan,Nan,Nan,Nan,Nan,Nan,Nan,Nan
2,брадата,брада,noun,common,femine,singular,nominative,yes,Nan,Nan,Nan,Nan,Nan,Nan,Nan,Nan
2,спуштена,спуштен,Nan,Nan,Nan,Nan,Nan,Nan,Nan,Nan,Nan,Nan,Nan,Nan,Nan,Nan
2,на,на,Nan,Nan,Nan,Nan,Nan,Nan,Nan,Nan,Nan,Nan,Nan,Nan,Nan,Nan
2,градите,града,noun,common,femine,plural,nominative,yes,Nan,Nan,Nan,Nan,Nan,Nan,Nan,Nan
2,за,за,Nan,Nan,Nan,Nan,Nan,Nan,Nan,Nan,Nan,Nan,Nan,Nan,Nan,Nan
2,да,да,Nan,Nan,Nan,Nan,Nan,Nan,Nan,Nan,Nan,Nan,Nan,Nan,Nan,Nan
2,се,себе,Nan,Nan,Nan,Nan,Nan,Nan,Nan,Nan,Nan,Nan,Nan,Nan,Nan,Nan
2,заштити,заштити,verb,main,Nan,Nan,Nan,Nan,Nan,Nan,perfective,Nan,Nan,Nan,indicative,Nan
2,од,од,Nan,Nan,Nan,Nan,Nan,Nan,Nan,Nan,Nan,Nan,Nan,Nan,Nan,Nan
2,остриот,остар,Nan,Nan,Nan,Nan,Nan,Nan,Nan,Nan,Nan,Nan,Nan,Nan,Nan,Nan
2,ветер,ветер,noun,common,masculine,singular,nominative,no,Nan,Nan,Nan,Nan,Nan,Nan,Nan,Nan
2,се,себе,Nan,Nan,Nan,Nan,Nan,Nan,Nan,Nan,Nan,Nan,Nan,Nan,Nan,Nan
2,протна,протне,verb,main,Nan,Nan,Nan,Nan,Nan,Nan,perfective,Nan,Nan,Nan,indicative,Nan
2,брзо,брзо,Nan,Nan,Nan,Nan,Nan,Nan,Nan,Nan,Nan,Nan,Nan,Nan,Nan,Nan
2,низ,низ,Nan,Nan,Nan,Nan,Nan,Nan,Nan,Nan,Nan,Nan,Nan,Nan,Nan,Nan
2,стаклената,стаклен,Nan,Nan,Nan,Nan,Nan,Nan,Nan,Nan,Nan,Nan,Nan,Nan,Nan,Nan
2,врата,врата,noun,common,femine,singular,nominative,no,Nan,Nan,Nan,Nan,Nan,Nan,Nan,Nan
2,на,на,Nan,Nan,Nan,Nan,Nan,Nan,Nan,Nan,Nan,Nan,Nan,Nan,Nan,Nan
2,Станбената,станбен,Nan,Nan,Nan,Nan,Nan,Nan,Nan,Nan,Nan,Nan,Nan,Nan,Nan,Nan
2,зграда,зграда,noun,common,femine,singular,nominative,no,Nan,Nan,Nan,Nan,Nan,Nan,Nan,Nan
2,Победа,Победа,noun,proper,femine,singular,nominative,no,Nan,Nan,Nan,Nan,Nan,Nan,Nan,Nan
2,но,но,Nan,Nan,Nan,Nan,Nan,Nan,Nan,Nan,Nan,Nan,Nan,Nan,Nan,Nan
2,сепак,сепак,Nan,Nan,Nan,Nan,Nan,Nan,Nan,Nan,Nan,Nan,Nan,Nan,Nan,Nan
2,недоволно,недоволно,Nan,Nan,Nan,Nan,Nan,Nan,Nan,Nan,Nan,Nan,Nan,Nan,Nan,Nan
2,брзо,брзо,Nan,Nan,Nan,Nan,Nan,Nan,Nan,Nan,Nan,Nan,Nan,Nan,Nan,Nan
2,за,за,Nan,Nan,Nan,Nan,Nan,Nan,Nan,Nan,Nan,Nan,Nan,Nan,Nan,Nan
2,да,да,Nan,Nan,Nan,Nan,Nan,Nan,Nan,Nan,Nan,Nan,Nan,Nan,Nan,Nan
2,спречи,спречи,verb,main,Nan,Nan,Nan,Nan,Nan,Nan,perfective,Nan,Nan,Nan,indicative,Nan
2,еден,еден,Nan,Nan,Nan,Nan,Nan,Nan,Nan,Nan,Nan,Nan,Nan,Nan,Nan,Nan
2,вител,вител,noun,common,masculine,singular,nominative,no,Nan,Nan,Nan,Nan,Nan,Nan,Nan,Nan
2,од,од,Nan,Nan,Nan,Nan,Nan,Nan,Nan,Nan,Nan,Nan,Nan,Nan,Nan,Nan
2,песочен,песочен,Nan,Nan,Nan,Nan,Nan,Nan,Nan,Nan,Nan,Nan,Nan,Nan,Nan,Nan
2,прав,прав,noun,common,femine,singular,nominative,no,Nan,Nan,Nan,Nan,Nan,Nan,Nan,Nan
2,да,да,Nan,Nan,Nan,Nan,Nan,Nan,Nan,Nan,Nan,Nan,Nan,Nan,Nan,Nan
2,влезе,влезе,verb,main,Nan,Nan,Nan,Nan,Nan,Nan,perfective,Nan,Nan,Nan,indicative,Nan
2,заедно,заедно,Nan,Nan,Nan,Nan,Nan,Nan,Nan,Nan,Nan,Nan,Nan,Nan,Nan,Nan
2,со,со,Nan,Nan,Nan,Nan,Nan,Nan,Nan,Nan,Nan,Nan,Nan,Nan,Nan,Nan
2,него,тој,Nan,Nan,Nan,Nan,Nan,Nan,Nan,Nan,Nan,Nan,Nan,Nan,Nan,Nan
3,Ходникот,ходник,noun,common,masculine,singular,nominative,yes,Nan,Nan,Nan,Nan,Nan,Nan,Nan,Nan
3,баздеше,базди,verb,main,Nan,Nan,Nan,Nan,Nan,Nan,progressive,Nan,Nan,Nan,indicative,Nan
3,на,на,Nan,Nan,Nan,Nan,Nan,Nan,Nan,Nan,Nan,Nan,Nan,Nan,Nan,Nan
3,варена,варен,Nan,Nan,Nan,Nan,Nan,Nan,Nan,Nan,Nan,Nan,Nan,Nan,Nan,Nan
3,зелка,зелка,noun,common,femine,singular,nominative,no,Nan,Nan,Nan,Nan,Nan,Nan,Nan,Nan
3,и,и,Nan,Nan,Nan,Nan,Nan,Nan,Nan,Nan,Nan,Nan,Nan,Nan,Nan,Nan
3,на,на,Nan,Nan,Nan,Nan,Nan,Nan,Nan,Nan,Nan,Nan,Nan,Nan,Nan,Nan
3,стари,стар,Nan,Nan,Nan,Nan,Nan,Nan,Nan,Nan,Nan,Nan,Nan,Nan,Nan,Nan
3,простирки,простирка,noun,common,femine,plural,nominative,no,Nan,Nan,Nan,Nan,Nan,Nan,Nan,Nan
4,На,на,Nan,Nan,Nan,Nan,Nan,Nan,Nan,Nan,Nan,Nan,Nan,Nan,Nan,Nan
4,неговиот,негов,Nan,Nan,Nan,Nan,Nan,Nan,Nan,Nan,Nan,Nan,Nan,Nan,Nan,Nan
4,крај,крај,noun,common,masculine,singular,nominative,no,Nan,Nan,Nan,Nan,Nan,Nan,Nan,Nan
4,висеше,виси,verb,main,Nan,Nan,Nan,Nan,Nan,Nan,progressive,Nan,Nan,Nan,indicative,Nan
4,постер,постер,noun,common,masculine,singular,nominative,no,Nan,Nan,Nan,Nan,Nan,Nan,Nan,Nan
4,во,во,Nan,Nan,Nan,Nan,Nan,Nan,Nan,Nan,Nan,Nan,Nan,Nan,Nan,Nan
4,боја,боја,noun,common,femine,singular,nominative,no,Nan,Nan,Nan,Nan,Nan,Nan,Nan,Nan
4,премногу,премногу,Nan,Nan,Nan,Nan,Nan,Nan,Nan,Nan,Nan,Nan,Nan,Nan,Nan,Nan
4,голем,голем,Nan,Nan,Nan,Nan,Nan,Nan,Nan,Nan,Nan,Nan,Nan,Nan,Nan,Nan
4,за,за,Nan,Nan,Nan,Nan,Nan,Nan,Nan,Nan,Nan,Nan,Nan,Nan,Nan,Nan
4,изложување,изложување,noun,common,neuter,singular,nominative,no,Nan,Nan,Nan,Nan,Nan,Nan,Nan,Nan
4,во,во,Nan,Nan,Nan,Nan,Nan,Nan,Nan,Nan,Nan,Nan,Nan,Nan,Nan,Nan
4,затворен,затворен,Nan,Nan,Nan,Nan,Nan,Nan,Nan,Nan,Nan,Nan,Nan,Nan,Nan,Nan
4,простор,простор,noun,common,masculine,singular,nominative,no,Nan,Nan,Nan,Nan,Nan,Nan,Nan,Nan
5,Тој,тој,Nan,Nan,Nan,Nan,Nan,Nan,Nan,Nan,Nan,Nan,Nan,Nan,Nan,Nan
5,прикажуваше,прикажува,verb,main,Nan,Nan,Nan,Nan,Nan,Nan,progressive,Nan,Nan,Nan,indicative,Nan
5,само,само,Nan,Nan,Nan,Nan,Nan,Nan,Nan,Nan,Nan,Nan,Nan,Nan,Nan,Nan
5,едно,едно,Nan,Nan,Nan,Nan,Nan,Nan,Nan,Nan,Nan,Nan,Nan,Nan,Nan,Nan
5,огромно,огромен,Nan,Nan,Nan,Nan,Nan,Nan,Nan,Nan,Nan,Nan,Nan,Nan,Nan,Nan
5,лице,лице,noun,common,neuter,singular,nominative,no,Nan,Nan,Nan,Nan,Nan,Nan,Nan,Nan
5,широко,широк,Nan,Nan,Nan,Nan,Nan,Nan,Nan,Nan,Nan,Nan,Nan,Nan,Nan,Nan
5,повеќе,многу,Nan,Nan,Nan,Nan,Nan,Nan,Nan,Nan,Nan,Nan,Nan,Nan,Nan,Nan
5,од,од,Nan,Nan,Nan,Nan,Nan,Nan,Nan,Nan,Nan,Nan,Nan,Nan,Nan,Nan
5,еден,еден,Nan,Nan,Nan,Nan,Nan,Nan,Nan,Nan,Nan,Nan,Nan,Nan,Nan,Nan
5,метар,метар,noun,common,masculine,singular,nominative,no,Nan,Nan,Nan,Nan,Nan,Nan,Nan,Nan
5,лицето,лице,noun,common,neuter,singular,nominative,yes,Nan,Nan,Nan,Nan,Nan,Nan,Nan,Nan
5,на,на,Nan,Nan,Nan,Nan,Nan,Nan,Nan,Nan,Nan,Nan,Nan,Nan,Nan,Nan
5,еден,еден,Nan,Nan,Nan,Nan,Nan,Nan,Nan,Nan,Nan,Nan,Nan,Nan,Nan,Nan
5,човек,човек,noun,common,masculine,singular,nominative,no,Nan,Nan,Nan,Nan,Nan,Nan,Nan,Nan
5,од,од,Nan,Nan,Nan,Nan,Nan,Nan,Nan,Nan,Nan,Nan,Nan,Nan,Nan,Nan
5,околу,околу,Nan,Nan,Nan,Nan,Nan,Nan,Nan,Nan,Nan,Nan,Nan,Nan,Nan,Nan
5,четириесет,четириесет,Nan,Nan,Nan,Nan,Nan,Nan,Nan,Nan,Nan,Nan,Nan,Nan,Nan,Nan
5,и,и,Nan,Nan,Nan,Nan,Nan,Nan,Nan,Nan,Nan,Nan,Nan,Nan,Nan,Nan
5,пет,пет,Nan,Nan,Nan,Nan,Nan,Nan,Nan,Nan,Nan,Nan,Nan,Nan,Nan,Nan
5,години,година,noun,common,femine,plural,nominative,no,Nan,Nan,Nan,Nan,Nan,Nan,Nan,Nan
5,со,со,Nan,Nan,Nan,Nan,Nan,Nan,Nan,Nan,Nan,Nan,Nan,Nan,Nan,Nan
5,тежок,тежок,Nan,Nan,Nan,Nan,Nan,Nan,Nan,Nan,Nan,Nan,Nan,Nan,Nan,Nan
5,црн,црн,Nan,Nan,Nan,Nan,Nan,Nan,Nan,Nan,Nan,Nan,Nan,Nan,Nan,Nan
5,мустак,мустак,noun,common,masculine,singular,nominative,no,Nan,Nan,Nan,Nan,Nan,Nan,Nan,Nan
5,и,и,Nan,Nan,Nan,Nan,Nan,Nan,Nan,Nan,Nan,Nan,Nan,Nan,Nan,Nan
5,со,со,Nan,Nan,Nan,Nan,Nan,Nan,Nan,Nan,Nan,Nan,Nan,Nan,Nan,Nan
5,грдо,грдо,Nan,Nan,Nan,Nan,Nan,Nan,Nan,Nan,Nan,Nan,Nan,Nan,Nan,Nan
5,убави,убав,Nan,Nan,Nan,Nan,Nan,Nan,Nan,Nan,Nan,Nan,Nan,Nan,Nan,Nan
5,црти,црта,noun,common,femine,plural,nominative,no,Nan,Nan,Nan,Nan,Nan,Nan,Nan,Nan
6,Винстон,Винстон,noun,proper,masculine,singular,nominative,no,Nan,Nan,Nan,Nan,Nan,Nan,Nan,Nan
6,тргна,тргне,verb,main,Nan,Nan,Nan,Nan,Nan,Nan,perfective,Nan,Nan,Nan,indicative,Nan
6,кон,кон,Nan,Nan,Nan,Nan,Nan,Nan,Nan,Nan,Nan,Nan,Nan,Nan,Nan,Nan
6,скалите,скала,noun,common,femine,plural,nominative,yes,Nan,Nan,Nan,Nan,Nan,Nan,Nan,Nan
7,Немаше,нема,verb,auxiliarry,Nan,Nan,Nan,Nan,Nan,Nan,progressive,Nan,Nan,Nan,indicative,Nan
7,смисла,смисла,noun,common,femine,singular,nominative,no,Nan,Nan,Nan,Nan,Nan,Nan,Nan,Nan
7,да,да,Nan,Nan,Nan,Nan,Nan,Nan,Nan,Nan,Nan,Nan,Nan,Nan,Nan,Nan
7,го,тој,Nan,Nan,Nan,Nan,Nan,Nan,Nan,Nan,Nan,Nan,Nan,Nan,Nan,Nan
7,испробува,испробува,verb,main,Nan,Nan,Nan,Nan,Nan,Nan,progressive,Nan,Nan,Nan,indicative,Nan
7,лифтот,лифт,noun,common,masculine,singular,nominative,yes,Nan,Nan,Nan,Nan,Nan,Nan,Nan,Nan
8,Ретко,ретко,Nan,Nan,Nan,Nan,Nan,Nan,Nan,Nan,Nan,Nan,Nan,Nan,Nan,Nan
8,работеше,работи,verb,main,Nan,Nan,Nan,Nan,Nan,Nan,progressive,Nan,Nan,Nan,indicative,Nan
8,дури,дури,Nan,Nan,Nan,Nan,Nan,Nan,Nan,Nan,Nan,Nan,Nan,Nan,Nan,Nan
8,и,и,Nan,Nan,Nan,Nan,Nan,Nan,Nan,Nan,Nan,Nan,Nan,Nan,Nan,Nan
8,во,во,Nan,Nan,Nan,Nan,Nan,Nan,Nan,Nan,Nan,Nan,Nan,Nan,Nan,Nan
8,најдобрите,добар,Nan,Nan,Nan,Nan,Nan,Nan,Nan,Nan,Nan,Nan,Nan,Nan,Nan,Nan
8,времиња,време,noun,common,neuter,plural,nominative,no,Nan,Nan,Nan,Nan,Nan,Nan,Nan,Nan
8,а,а,Nan,Nan,Nan,Nan,Nan,Nan,Nan,Nan,Nan,Nan,Nan,Nan,Nan,Nan
8,сега,сега,Nan,Nan,Nan,Nan,Nan,Nan,Nan,Nan,Nan,Nan,Nan,Nan,Nan,Nan
8,струјата,струја,noun,common,femine,singular,nominative,yes,Nan,Nan,Nan,Nan,Nan,Nan,Nan,Nan
8,се,себе,Nan,Nan,Nan,Nan,Nan,Nan,Nan,Nan,Nan,Nan,Nan,Nan,Nan,Nan
8,укинуваше,укинува,verb,main,Nan,Nan,Nan,Nan,Nan,Nan,progressive,Nan,Nan,Nan,indicative,Nan
8,преку,преку,Nan,Nan,Nan,Nan,Nan,Nan,Nan,Nan,Nan,Nan,Nan,Nan,Nan,Nan
8,ден,ден,noun,common,masculine,singular,nominative,no,Nan,Nan,Nan,Nan,Nan,Nan,Nan,Nan
9,Тоа,тоа,Nan,Nan,Nan,Nan,Nan,Nan,Nan,Nan,Nan,Nan,Nan,Nan,Nan,Nan
9,беше,сум,verb,auxiliarry,Nan,Nan,Nan,Nan,Nan,Nan,progressive,Nan,Nan,Nan,indicative,Nan
9,дел,дел,noun,common,masculine,singular,nominative,no,Nan,Nan,Nan,Nan,Nan,Nan,Nan,Nan
9,од,од,Nan,Nan,Nan,Nan,Nan,Nan,Nan,Nan,Nan,Nan,Nan,Nan,Nan,Nan
9,штедењето,штедење,noun,common,neuter,singular,nominative,yes,Nan,Nan,Nan,Nan,Nan,Nan,Nan,Nan
9,во,во,Nan,Nan,Nan,Nan,Nan,Nan,Nan,Nan,Nan,Nan,Nan,Nan,Nan,Nan
9,подготовките,подготовка,noun,common,femine,plural,nominative,yes,Nan,Nan,Nan,Nan,Nan,Nan,Nan,Nan
9,за,за,Nan,Nan,Nan,Nan,Nan,Nan,Nan,Nan,Nan,Nan,Nan,Nan,Nan,Nan
9,Неделата,недела,noun,common,femine,singular,nominative,yes,Nan,Nan,Nan,Nan,Nan,Nan,Nan,Nan
9,на,на,Nan,Nan,Nan,Nan,Nan,Nan,Nan,Nan,Nan,Nan,Nan,Nan,Nan,Nan
9,омразата,омраза,noun,common,femine,singular,nominative,yes,Nan,Nan,Nan,Nan,Nan,Nan,Nan,Nan
10,Неговиот,негов,Nan,Nan,Nan,Nan,Nan,Nan,Nan,Nan,Nan,Nan,Nan,Nan,Nan,Nan
10,стан,стан,noun,common,masculine,singular,nominative,no,Nan,Nan,Nan,Nan,Nan,Nan,Nan,Nan
10,беше,сум,verb,auxiliarry,Nan,Nan,Nan,Nan,Nan,Nan,progressive,Nan,Nan,Nan,indicative,Nan
10,седум,седум,Nan,Nan,Nan,Nan,Nan,Nan,Nan,Nan,Nan,Nan,Nan,Nan,Nan,Nan
10,катови,кат,noun,common,masculine,plural,nominative,no,Nan,Nan,Nan,Nan,Nan,Nan,Nan,Nan
10,погоре,горе,Nan,Nan,Nan,Nan,Nan,Nan,Nan,Nan,Nan,Nan,Nan,Nan,Nan,Nan
10,и,и,Nan,Nan,Nan,Nan,Nan,Nan,Nan,Nan,Nan,Nan,Nan,Nan,Nan,Nan
10,Винстон,Винстон,noun,proper,masculine,singular,nominative,no,Nan,Nan,Nan,Nan,Nan,Nan,Nan,Nan
10,кој,кој,Nan,Nan,Nan,Nan,Nan,Nan,Nan,Nan,Nan,Nan,Nan,Nan,Nan,Nan
10,беше,сум,verb,auxiliarry,Nan,Nan,Nan,Nan,Nan,Nan,progressive,Nan,Nan,Nan,indicative,Nan
10,на,на,Nan,Nan,Nan,Nan,Nan,Nan,Nan,Nan,Nan,Nan,Nan,Nan,Nan,Nan
10,триесет,триесет,Nan,Nan,Nan,Nan,Nan,Nan,Nan,Nan,Nan,Nan,Nan,Nan,Nan,Nan
10,и,и,Nan,Nan,Nan,Nan,Nan,Nan,Nan,Nan,Nan,Nan,Nan,Nan,Nan,Nan
10,деветгодишна,деветгодишен,Nan,Nan,Nan,Nan,Nan,Nan,Nan,Nan,Nan,Nan,Nan,Nan,Nan,Nan
10,возраст,возраст,noun,common,femine,singular,nominative,no,Nan,Nan,Nan,Nan,Nan,Nan,Nan,Nan
10,и,и,Nan,Nan,Nan,Nan,Nan,Nan,Nan,Nan,Nan,Nan,Nan,Nan,Nan,Nan
10,имаше,има,verb,auxiliarry,Nan,Nan,Nan,Nan,Nan,Nan,progressive,Nan,Nan,Nan,indicative,Nan
10,воспалена,воспален,Nan,Nan,Nan,Nan,Nan,Nan,Nan,Nan,Nan,Nan,Nan,Nan,Nan,Nan
10,проширена,проширен,Nan,Nan,Nan,Nan,Nan,Nan,Nan,Nan,Nan,Nan,Nan,Nan,Nan,Nan
10,вена,вена,noun,common,femine,singular,nominative,no,Nan,Nan,Nan,Nan,Nan,Nan,Nan,Nan
10,над,над,Nan,Nan,Nan,Nan,Nan,Nan,Nan,Nan,Nan,Nan,Nan,Nan,Nan,Nan
10,десниот,десен,Nan,Nan,Nan,Nan,Nan,Nan,Nan,Nan,Nan,Nan,Nan,Nan,Nan,Nan
10,глужд,глужд,noun,common,masculine,singular,nominative,no,Nan,Nan,Nan,Nan,Nan,Nan,Nan,Nan
10,тргна,тргне,verb,main,Nan,Nan,Nan,Nan,Nan,Nan,perfective,Nan,Nan,Nan,indicative,Nan
10,полека,полека,Nan,Nan,Nan,Nan,Nan,Nan,Nan,Nan,Nan,Nan,Nan,Nan,Nan,Nan
10,по,по,Nan,Nan,Nan,Nan,Nan,Nan,Nan,Nan,Nan,Nan,Nan,Nan,Nan,Nan
10,скалите,скала,noun,common,femine,plural,nominative,yes,Nan,Nan,Nan,Nan,Nan,Nan,Nan,Nan
10,одморајќи,одморајќи,Nan,Nan,Nan,Nan,Nan,Nan,Nan,Nan,Nan,Nan,Nan,Nan,Nan,Nan
10,се,себе,Nan,Nan,Nan,Nan,Nan,Nan,Nan,Nan,Nan,Nan,Nan,Nan,Nan,Nan
10,неколкупати,неколкупати,Nan,Nan,Nan,Nan,Nan,Nan,Nan,Nan,Nan,Nan,Nan,Nan,Nan,Nan
10,до,до,Nan,Nan,Nan,Nan,Nan,Nan,Nan,Nan,Nan,Nan,Nan,Nan,Nan,Nan
10,горе,горе,Nan,Nan,Nan,Nan,Nan,Nan,Nan,Nan,Nan,Nan,Nan,Nan,Nan,Nan
11,На,на,Nan,Nan,Nan,Nan,Nan,Nan,Nan,Nan,Nan,Nan,Nan,Nan,Nan,Nan
11,секое,секој,Nan,Nan,Nan,Nan,Nan,Nan,Nan,Nan,Nan,Nan,Nan,Nan,Nan,Nan
11,одмориште,одмориште,noun,common,neuter,singular,nominative,no,Nan,Nan,Nan,Nan,Nan,Nan,Nan,Nan
11,наспроти,наспроти,Nan,Nan,Nan,Nan,Nan,Nan,Nan,Nan,Nan,Nan,Nan,Nan,Nan,Nan
11,отворот,отвор,noun,common,masculine,singular,nominative,yes,Nan,Nan,Nan,Nan,Nan,Nan,Nan,Nan
11,за,за,Nan,Nan,Nan,Nan,Nan,Nan,Nan,Nan,Nan,Nan,Nan,Nan,Nan,Nan
11,лифтот,лифт,noun,common,masculine,singular,nominative,yes,Nan,Nan,Nan,Nan,Nan,Nan,Nan,Nan
11,постерот,постер,noun,common,masculine,singular,nominative,yes,Nan,Nan,Nan,Nan,Nan,Nan,Nan,Nan
11,со,со,Nan,Nan,Nan,Nan,Nan,Nan,Nan,Nan,Nan,Nan,Nan,Nan,Nan,Nan
11,огромното,огромен,Nan,Nan,Nan,Nan,Nan,Nan,Nan,Nan,Nan,Nan,Nan,Nan,Nan,Nan
11,лице,лице,noun,common,neuter,singular,nominative,no,Nan,Nan,Nan,Nan,Nan,Nan,Nan,Nan
11,зјапаше,зјапа,verb,main,Nan,Nan,Nan,Nan,Nan,Nan,progressive,Nan,Nan,Nan,indicative,Nan
11,од,од,Nan,Nan,Nan,Nan,Nan,Nan,Nan,Nan,Nan,Nan,Nan,Nan,Nan,Nan
11,ѕидот,ѕид,noun,common,masculine,singular,nominative,yes,Nan,Nan,Nan,Nan,Nan,Nan,Nan,Nan
12,Тоа,тоа,Nan,Nan,Nan,Nan,Nan,Nan,Nan,Nan,Nan,Nan,Nan,Nan,Nan,Nan
12,беше,сум,verb,auxiliarry,Nan,Nan,Nan,Nan,Nan,Nan,progressive,Nan,Nan,Nan,indicative,Nan
12,една,еден,Nan,Nan,Nan,Nan,Nan,Nan,Nan,Nan,Nan,Nan,Nan,Nan,Nan,Nan
12,од,од,Nan,Nan,Nan,Nan,Nan,Nan,Nan,Nan,Nan,Nan,Nan,Nan,Nan,Nan
12,оние,оној,Nan,Nan,Nan,Nan,Nan,Nan,Nan,Nan,Nan,Nan,Nan,Nan,Nan,Nan
12,слики,слика,noun,common,femine,plural,nominative,no,Nan,Nan,Nan,Nan,Nan,Nan,Nan,Nan
12,кои,кој,Nan,Nan,Nan,Nan,Nan,Nan,Nan,Nan,Nan,Nan,Nan,Nan,Nan,Nan
12,се,сум,verb,auxiliarry,Nan,Nan,Nan,Nan,Nan,Nan,progressive,Nan,Nan,Nan,indicative,Nan
12,направени,направен,Nan,Nan,Nan,Nan,Nan,Nan,Nan,Nan,Nan,Nan,Nan,Nan,Nan,Nan
12,така,така,Nan,Nan,Nan,Nan,Nan,Nan,Nan,Nan,Nan,Nan,Nan,Nan,Nan,Nan
12,што,што,Nan,Nan,Nan,Nan,Nan,Nan,Nan,Nan,Nan,Nan,Nan,Nan,Nan,Nan
12,очите,око,noun,common,masculine,plural,nominative,yes,Nan,Nan,Nan,Nan,Nan,Nan,Nan,Nan
12,те,ти,Nan,Nan,Nan,Nan,Nan,Nan,Nan,Nan,Nan,Nan,Nan,Nan,Nan,Nan
12,следат,следи,verb,main,Nan,Nan,Nan,Nan,Nan,Nan,progressive,Nan,Nan,Nan,indicative,Nan
12,кога,кога,Nan,Nan,Nan,Nan,Nan,Nan,Nan,Nan,Nan,Nan,Nan,Nan,Nan,Nan
12,се,себе,Nan,Nan,Nan,Nan,Nan,Nan,Nan,Nan,Nan,Nan,Nan,Nan,Nan,Nan
12,движиш,движи,verb,main,Nan,Nan,Nan,Nan,Nan,Nan,progressive,Nan,Nan,Nan,indicative,Nan
13,ГОЛЕМИОТ,голем,Nan,Nan,Nan,Nan,Nan,Nan,Nan,Nan,Nan,Nan,Nan,Nan,Nan,Nan
13,БРАТ,брат,noun,common,masculine,singular,nominative,no,Nan,Nan,Nan,Nan,Nan,Nan,Nan,Nan
13,ТЕ,ти,Nan,Nan,Nan,Nan,Nan,Nan,Nan,Nan,Nan,Nan,Nan,Nan,Nan,Nan
13,ПОСМАТРА,посматра,verb,main,Nan,Nan,Nan,Nan,Nan,Nan,progressive,Nan,Nan,Nan,indicative,Nan
13,пишуваше,пишува,verb,main,Nan,Nan,Nan,Nan,Nan,Nan,progressive,Nan,Nan,Nan,indicative,Nan
13,под,под,Nan,Nan,Nan,Nan,Nan,Nan,Nan,Nan,Nan,Nan,Nan,Nan,Nan,Nan
13,неа,таа,Nan,Nan,Nan,Nan,Nan,Nan,Nan,Nan,Nan,Nan,Nan,Nan,Nan,Nan
14,Внатре,внатре,Nan,Nan,Nan,Nan,Nan,Nan,Nan,Nan,Nan,Nan,Nan,Nan,Nan,Nan
14,во,во,Nan,Nan,Nan,Nan,Nan,Nan,Nan,Nan,Nan,Nan,Nan,Nan,Nan,Nan
14,станот,стан,noun,common,masculine,singular,nominative,yes,Nan,Nan,Nan,Nan,Nan,Nan,Nan,Nan
14,еден,еден,Nan,Nan,Nan,Nan,Nan,Nan,Nan,Nan,Nan,Nan,Nan,Nan,Nan,Nan
14,сочен,сочен,Nan,Nan,Nan,Nan,Nan,Nan,Nan,Nan,Nan,Nan,Nan,Nan,Nan,Nan
14,глас,глас,noun,common,masculine,singular,nominative,no,Nan,Nan,Nan,Nan,Nan,Nan,Nan,Nan
14,читаше,чита,verb,main,Nan,Nan,Nan,Nan,Nan,Nan,progressive,Nan,Nan,Nan,indicative,Nan
14,список,список,noun,common,masculine,singular,nominative,no,Nan,Nan,Nan,Nan,Nan,Nan,Nan,Nan
14,од,од,Nan,Nan,Nan,Nan,Nan,Nan,Nan,Nan,Nan,Nan,Nan,Nan,Nan,Nan
14,бројки,бројка,noun,common,femine,plural,nominative,no,Nan,Nan,Nan,Nan,Nan,Nan,Nan,Nan
14,што,што,Nan,Nan,Nan,Nan,Nan,Nan,Nan,Nan,Nan,Nan,Nan,Nan,Nan,Nan
14,имаа,има,verb,auxiliarry,Nan,Nan,Nan,Nan,Nan,Nan,progressive,Nan,Nan,Nan,indicative,Nan
14,некаква,некаков,Nan,Nan,Nan,Nan,Nan,Nan,Nan,Nan,Nan,Nan,Nan,Nan,Nan,Nan
14,врска,врска,noun,common,femine,singular,nominative,no,Nan,Nan,Nan,Nan,Nan,Nan,Nan,Nan
14,со,со,Nan,Nan,Nan,Nan,Nan,Nan,Nan,Nan,Nan,Nan,Nan,Nan,Nan,Nan
14,производството,производство,noun,common,neuter,singular,nominative,yes,Nan,Nan,Nan,Nan,Nan,Nan,Nan,Nan
14,на,на,Nan,Nan,Nan,Nan,Nan,Nan,Nan,Nan,Nan,Nan,Nan,Nan,Nan,Nan
14,сурово,суров,Nan,Nan,Nan,Nan,Nan,Nan,Nan,Nan,Nan,Nan,Nan,Nan,Nan,Nan
14,железо,железо,noun,common,neuter,singular,nominative,no,Nan,Nan,Nan,Nan,Nan,Nan,Nan,Nan
15,Гласот,глас,noun,common,masculine,singular,nominative,yes,Nan,Nan,Nan,Nan,Nan,Nan,Nan,Nan
15,доаѓаше,доаѓа,verb,main,Nan,Nan,Nan,Nan,Nan,Nan,progressive,Nan,Nan,Nan,indicative,Nan
15,од,од,Nan,Nan,Nan,Nan,Nan,Nan,Nan,Nan,Nan,Nan,Nan,Nan,Nan,Nan
15,правоаголната,правоаголен,Nan,Nan,Nan,Nan,Nan,Nan,Nan,Nan,Nan,Nan,Nan,Nan,Nan,Nan
15,метална,метален,Nan,Nan,Nan,Nan,Nan,Nan,Nan,Nan,Nan,Nan,Nan,Nan,Nan,Nan
15,плоча,плоча,noun,common,femine,singular,nominative,no,Nan,Nan,Nan,Nan,Nan,Nan,Nan,Nan
15,како,како,Nan,Nan,Nan,Nan,Nan,Nan,Nan,Nan,Nan,Nan,Nan,Nan,Nan,Nan
15,затемнето,затемнет,Nan,Nan,Nan,Nan,Nan,Nan,Nan,Nan,Nan,Nan,Nan,Nan,Nan,Nan
15,огледало,огледало,noun,common,neuter,singular,nominative,no,Nan,Nan,Nan,Nan,Nan,Nan,Nan,Nan
15,која,кој,Nan,Nan,Nan,Nan,Nan,Nan,Nan,Nan,Nan,Nan,Nan,Nan,Nan,Nan
15,зафаќаше,зафаќа,verb,main,Nan,Nan,Nan,Nan,Nan,Nan,progressive,Nan,Nan,Nan,indicative,Nan
15,дел,дел,noun,common,masculine,singular,nominative,no,Nan,Nan,Nan,Nan,Nan,Nan,Nan,Nan
15,од,од,Nan,Nan,Nan,Nan,Nan,Nan,Nan,Nan,Nan,Nan,Nan,Nan,Nan,Nan
15,површината,површина,noun,common,femine,singular,nominative,yes,Nan,Nan,Nan,Nan,Nan,Nan,Nan,Nan
15,на,на,Nan,Nan,Nan,Nan,Nan,Nan,Nan,Nan,Nan,Nan,Nan,Nan,Nan,Nan
15,десниот,десен,Nan,Nan,Nan,Nan,Nan,Nan,Nan,Nan,Nan,Nan,Nan,Nan,Nan,Nan
15,ѕид,ѕид,noun,common,masculine,singular,nominative,no,Nan,Nan,Nan,Nan,Nan,Nan,Nan,Nan
16,Винстон,Винстон,noun,proper,masculine,singular,nominative,no,Nan,Nan,Nan,Nan,Nan,Nan,Nan,Nan
16,сврте,сврти,verb,main,Nan,Nan,Nan,Nan,Nan,Nan,perfective,Nan,Nan,Nan,indicative,Nan
16,едно,еден,Nan,Nan,Nan,Nan,Nan,Nan,Nan,Nan,Nan,Nan,Nan,Nan,Nan,Nan
16,копче,копче,noun,common,neuter,singular,nominative,no,Nan,Nan,Nan,Nan,Nan,Nan,Nan,Nan
16,и,и,Nan,Nan,Nan,Nan,Nan,Nan,Nan,Nan,Nan,Nan,Nan,Nan,Nan,Nan
16,гласот,глас,noun,common,masculine,singular,nominative,yes,Nan,Nan,Nan,Nan,Nan,Nan,Nan,Nan
16,малку,малку,Nan,Nan,Nan,Nan,Nan,Nan,Nan,Nan,Nan,Nan,Nan,Nan,Nan,Nan
16,се,себе,Nan,Nan,Nan,Nan,Nan,Nan,Nan,Nan,Nan,Nan,Nan,Nan,Nan,Nan
16,намали,намали,verb,main,Nan,Nan,Nan,Nan,Nan,Nan,perfective,Nan,Nan,Nan,indicative,Nan
16,иако,иако,Nan,Nan,Nan,Nan,Nan,Nan,Nan,Nan,Nan,Nan,Nan,Nan,Nan,Nan
16,зборовите,збор,noun,common,masculine,plural,nominative,yes,Nan,Nan,Nan,Nan,Nan,Nan,Nan,Nan
16,сè,сè,Nan,Nan,Nan,Nan,Nan,Nan,Nan,Nan,Nan,Nan,Nan,Nan,Nan,Nan
16,уште,уште,Nan,Nan,Nan,Nan,Nan,Nan,Nan,Nan,Nan,Nan,Nan,Nan,Nan,Nan
16,се,себе,Nan,Nan,Nan,Nan,Nan,Nan,Nan,Nan,Nan,Nan,Nan,Nan,Nan,Nan
16,разбираа,разбира,verb,main,Nan,Nan,Nan,Nan,Nan,Nan,progressive,Nan,Nan,Nan,indicative,Nan
17,Инструментот,инструмент,noun,common,masculine,singular,nominative,yes,Nan,Nan,Nan,Nan,Nan,Nan,Nan,Nan
17,се,себе,Nan,Nan,Nan,Nan,Nan,Nan,Nan,Nan,Nan,Nan,Nan,Nan,Nan,Nan
17,викаше,вика,verb,main,Nan,Nan,Nan,Nan,Nan,Nan,progressive,Nan,Nan,Nan,indicative,Nan
17,телекран,телекран,noun,common,masculine,singular,nominative,no,Nan,Nan,Nan,Nan,Nan,Nan,Nan,Nan
17,можеше,може,verb,modal,Nan,Nan,Nan,Nan,Nan,Nan,progressive,Nan,Nan,Nan,indicative,Nan
17,да,да,Nan,Nan,Nan,Nan,Nan,Nan,Nan,Nan,Nan,Nan,Nan,Nan,Nan,Nan
17,се,себе,Nan,Nan,Nan,Nan,Nan,Nan,Nan,Nan,Nan,Nan,Nan,Nan,Nan,Nan
17,стивне,стивне,verb,main,Nan,Nan,Nan,Nan,Nan,Nan,perfective,Nan,Nan,Nan,indicative,Nan
17,но,но,Nan,Nan,Nan,Nan,Nan,Nan,Nan,Nan,Nan,Nan,Nan,Nan,Nan,Nan
17,немаше,нема,verb,auxiliarry,Nan,Nan,Nan,Nan,Nan,Nan,progressive,Nan,Nan,Nan,indicative,Nan
17,начин,начин,noun,common,masculine,singular,nominative,no,Nan,Nan,Nan,Nan,Nan,Nan,Nan,Nan
17,сосем,сосем,Nan,Nan,Nan,Nan,Nan,Nan,Nan,Nan,Nan,Nan,Nan,Nan,Nan,Nan
17,да,да,Nan,Nan,Nan,Nan,Nan,Nan,Nan,Nan,Nan,Nan,Nan,Nan,Nan,Nan
17,се,себе,Nan,Nan,Nan,Nan,Nan,Nan,Nan,Nan,Nan,Nan,Nan,Nan,Nan,Nan
17,исклучи,исклучи,verb,main,Nan,Nan,Nan,Nan,Nan,Nan,perfective,Nan,Nan,Nan,indicative,Nan
18,Тој,тој,Nan,Nan,Nan,Nan,Nan,Nan,Nan,Nan,Nan,Nan,Nan,Nan,Nan,Nan
18,тргна,тргне,verb,main,Nan,Nan,Nan,Nan,Nan,Nan,perfective,Nan,Nan,Nan,indicative,Nan
18,кон,кон,Nan,Nan,Nan,Nan,Nan,Nan,Nan,Nan,Nan,Nan,Nan,Nan,Nan,Nan
18,прозорецот,прозорец,noun,common,masculine,singular,nominative,yes,Nan,Nan,Nan,Nan,Nan,Nan,Nan,Nan
18,ситна,ситен,Nan,Nan,Nan,Nan,Nan,Nan,Nan,Nan,Nan,Nan,Nan,Nan,Nan,Nan
18,кревка,кревок,Nan,Nan,Nan,Nan,Nan,Nan,Nan,Nan,Nan,Nan,Nan,Nan,Nan,Nan
18,фигура,фигура,noun,common,femine,singular,nominative,no,Nan,Nan,Nan,Nan,Nan,Nan,Nan,Nan
18,чија,чиј,Nan,Nan,Nan,Nan,Nan,Nan,Nan,Nan,Nan,Nan,Nan,Nan,Nan,Nan
18,слаботија,слаботија,noun,common,femine,singular,nominative,no,Nan,Nan,Nan,Nan,Nan,Nan,Nan,Nan
18,беше,сум,verb,auxiliarry,Nan,Nan,Nan,Nan,Nan,Nan,progressive,Nan,Nan,Nan,indicative,Nan
18,уште,уште,Nan,Nan,Nan,Nan,Nan,Nan,Nan,Nan,Nan,Nan,Nan,Nan,Nan,Nan
18,повеќе,многу,Nan,Nan,Nan,Nan,Nan,Nan,Nan,Nan,Nan,Nan,Nan,Nan,Nan,Nan
18,нагласена,нагласен,Nan,Nan,Nan,Nan,Nan,Nan,Nan,Nan,Nan,Nan,Nan,Nan,Nan,Nan
18,од,од,Nan,Nan,Nan,Nan,Nan,Nan,Nan,Nan,Nan,Nan,Nan,Nan,Nan,Nan
18,синиот,син,Nan,Nan,Nan,Nan,Nan,Nan,Nan,Nan,Nan,Nan,Nan,Nan,Nan,Nan
18,комбинезон,комбинезон,noun,common,masculine,singular,nominative,no,Nan,Nan,Nan,Nan,Nan,Nan,Nan,Nan
18,униформата,униформа,noun,common,femine,singular,nominative,yes,Nan,Nan,Nan,Nan,Nan,Nan,Nan,Nan
18,на,на,Nan,Nan,Nan,Nan,Nan,Nan,Nan,Nan,Nan,Nan,Nan,Nan,Nan,Nan
18,Партијата,партија,noun,common,femine,singular,nominative,yes,Nan,Nan,Nan,Nan,Nan,Nan,Nan,Nan
19,Косата,коса,noun,common,femine,singular,nominative,yes,Nan,Nan,Nan,Nan,Nan,Nan,Nan,Nan
19,му,тој,Nan,Nan,Nan,Nan,Nan,Nan,Nan,Nan,Nan,Nan,Nan,Nan,Nan,Nan
19,беше,сум,verb,auxiliarry,Nan,Nan,Nan,Nan,Nan,Nan,progressive,Nan,Nan,Nan,indicative,Nan
19,мошне,мошне,Nan,Nan,Nan,Nan,Nan,Nan,Nan,Nan,Nan,Nan,Nan,Nan,Nan,Nan
19,светла,светол,Nan,Nan,Nan,Nan,Nan,Nan,Nan,Nan,Nan,Nan,Nan,Nan,Nan,Nan
19,лицето,лице,noun,common,neuter,singular,nominative,yes,Nan,Nan,Nan,Nan,Nan,Nan,Nan,Nan
19,природно,природен,Nan,Nan,Nan,Nan,Nan,Nan,Nan,Nan,Nan,Nan,Nan,Nan,Nan,Nan
19,румено,румен,Nan,Nan,Nan,Nan,Nan,Nan,Nan,Nan,Nan,Nan,Nan,Nan,Nan,Nan
19,а,а,Nan,Nan,Nan,Nan,Nan,Nan,Nan,Nan,Nan,Nan,Nan,Nan,Nan,Nan
19,кожата,кожа,noun,common,femine,singular,nominative,yes,Nan,Nan,Nan,Nan,Nan,Nan,Nan,Nan
19,огрубена,огрубен,Nan,Nan,Nan,Nan,Nan,Nan,Nan,Nan,Nan,Nan,Nan,Nan,Nan,Nan
19,од,од,Nan,Nan,Nan,Nan,Nan,Nan,Nan,Nan,Nan,Nan,Nan,Nan,Nan,Nan
19,остриот,остар,Nan,Nan,Nan,Nan,Nan,Nan,Nan,Nan,Nan,Nan,Nan,Nan,Nan,Nan
19,сапун,сапун,noun,common,masculine,singular,nominative,no,Nan,Nan,Nan,Nan,Nan,Nan,Nan,Nan
19,тапите,тап,Nan,Nan,Nan,Nan,Nan,Nan,Nan,Nan,Nan,Nan,Nan,Nan,Nan,Nan
19,жилети,жилет,noun,common,masculine,plural,nominative,no,Nan,Nan,Nan,Nan,Nan,Nan,Nan,Nan
19,и,и,Nan,Nan,Nan,Nan,Nan,Nan,Nan,Nan,Nan,Nan,Nan,Nan,Nan,Nan
19,од,од,Nan,Nan,Nan,Nan,Nan,Nan,Nan,Nan,Nan,Nan,Nan,Nan,Nan,Nan
19,студот,студ,noun,common,masculine,singular,nominative,yes,Nan,Nan,Nan,Nan,Nan,Nan,Nan,Nan
19,на,на,Nan,Nan,Nan,Nan,Nan,Nan,Nan,Nan,Nan,Nan,Nan,Nan,Nan,Nan
19,зимата,зима,noun,common,femine,singular,nominative,yes,Nan,Nan,Nan,Nan,Nan,Nan,Nan,Nan
19,која,кој,Nan,Nan,Nan,Nan,Nan,Nan,Nan,Nan,Nan,Nan,Nan,Nan,Nan,Nan
19,штотуку,штотуку,Nan,Nan,Nan,Nan,Nan,Nan,Nan,Nan,Nan,Nan,Nan,Nan,Nan,Nan
19,заврши,заврши,verb,main,Nan,Nan,Nan,Nan,Nan,Nan,perfective,Nan,Nan,Nan,indicative,Nan
20,Надвор,надвор,Nan,Nan,Nan,Nan,Nan,Nan,Nan,Nan,Nan,Nan,Nan,Nan,Nan,Nan
20,дури,дури,Nan,Nan,Nan,Nan,Nan,Nan,Nan,Nan,Nan,Nan,Nan,Nan,Nan,Nan
20,и,и,Nan,Nan,Nan,Nan,Nan,Nan,Nan,Nan,Nan,Nan,Nan,Nan,Nan,Nan
20,преку,преку,Nan,Nan,Nan,Nan,Nan,Nan,Nan,Nan,Nan,Nan,Nan,Nan,Nan,Nan
20,затворениот,затворен,Nan,Nan,Nan,Nan,Nan,Nan,Nan,Nan,Nan,Nan,Nan,Nan,Nan,Nan
20,прозорец,прозорец,noun,common,masculine,singular,nominative,no,Nan,Nan,Nan,Nan,Nan,Nan,Nan,Nan
20,светот,свет,noun,common,masculine,singular,nominative,yes,Nan,Nan,Nan,Nan,Nan,Nan,Nan,Nan
20,изгледаше,изгледа,verb,main,Nan,Nan,Nan,Nan,Nan,Nan,progressive,Nan,Nan,Nan,indicative,Nan
20,студено,студено,Nan,Nan,Nan,Nan,Nan,Nan,Nan,Nan,Nan,Nan,Nan,Nan,Nan,Nan
21,Долу,долу,Nan,Nan,Nan,Nan,Nan,Nan,Nan,Nan,Nan,Nan,Nan,Nan,Nan,Nan
21,на,на,Nan,Nan,Nan,Nan,Nan,Nan,Nan,Nan,Nan,Nan,Nan,Nan,Nan,Nan
21,улицата,улица,noun,common,femine,singular,nominative,yes,Nan,Nan,Nan,Nan,Nan,Nan,Nan,Nan
21,мали,мал,Nan,Nan,Nan,Nan,Nan,Nan,Nan,Nan,Nan,Nan,Nan,Nan,Nan,Nan
21,вители,вител,noun,common,masculine,plural,nominative,no,Nan,Nan,Nan,Nan,Nan,Nan,Nan,Nan
21,од,од,Nan,Nan,Nan,Nan,Nan,Nan,Nan,Nan,Nan,Nan,Nan,Nan,Nan,Nan
21,ветер,ветер,noun,common,masculine,singular,nominative,no,Nan,Nan,Nan,Nan,Nan,Nan,Nan,Nan
21,тркалаа,тркала,verb,main,Nan,Nan,Nan,Nan,Nan,Nan,progressive,Nan,Nan,Nan,indicative,Nan
21,прав,прав,noun,common,femine,singular,nominative,no,Nan,Nan,Nan,Nan,Nan,Nan,Nan,Nan
21,и,и,Nan,Nan,Nan,Nan,Nan,Nan,Nan,Nan,Nan,Nan,Nan,Nan,Nan,Nan
21,искината,искинат,Nan,Nan,Nan,Nan,Nan,Nan,Nan,Nan,Nan,Nan,Nan,Nan,Nan,Nan
21,хартија,хартија,noun,common,femine,singular,nominative,no,Nan,Nan,Nan,Nan,Nan,Nan,Nan,Nan
21,во,во,Nan,Nan,Nan,Nan,Nan,Nan,Nan,Nan,Nan,Nan,Nan,Nan,Nan,Nan
21,спирали,спирала,noun,common,femine,plural,nominative,no,Nan,Nan,Nan,Nan,Nan,Nan,Nan,Nan
21,и,и,Nan,Nan,Nan,Nan,Nan,Nan,Nan,Nan,Nan,Nan,Nan,Nan,Nan,Nan
21,иако,иако,Nan,Nan,Nan,Nan,Nan,Nan,Nan,Nan,Nan,Nan,Nan,Nan,Nan,Nan
21,сонцето,сонце,noun,common,neuter,singular,nominative,yes,Nan,Nan,Nan,Nan,Nan,Nan,Nan,Nan
21,светеше,свети,verb,main,Nan,Nan,Nan,Nan,Nan,Nan,perfective,Nan,Nan,Nan,indicative,Nan
21,а,а,Nan,Nan,Nan,Nan,Nan,Nan,Nan,Nan,Nan,Nan,Nan,Nan,Nan,Nan
21,небото,небо,noun,common,neuter,singular,nominative,yes,Nan,Nan,Nan,Nan,Nan,Nan,Nan,Nan
21,беше,сум,verb,auxiliarry,Nan,Nan,Nan,Nan,Nan,Nan,progressive,Nan,Nan,Nan,indicative,Nan
21,јасно,јасно,Nan,Nan,Nan,Nan,Nan,Nan,Nan,Nan,Nan,Nan,Nan,Nan,Nan,Nan
21,сино,син,Nan,Nan,Nan,Nan,Nan,Nan,Nan,Nan,Nan,Nan,Nan,Nan,Nan,Nan
21,изгледаше,изгледа,verb,main,Nan,Nan,Nan,Nan,Nan,Nan,progressive,Nan,Nan,Nan,indicative,Nan
21,како,како,Nan,Nan,Nan,Nan,Nan,Nan,Nan,Nan,Nan,Nan,Nan,Nan,Nan,Nan
21,во,во,Nan,Nan,Nan,Nan,Nan,Nan,Nan,Nan,Nan,Nan,Nan,Nan,Nan,Nan
21,ништо,ништо,Nan,Nan,Nan,Nan,Nan,Nan,Nan,Nan,Nan,Nan,Nan,Nan,Nan,Nan
21,да,да,Nan,Nan,Nan,Nan,Nan,Nan,Nan,Nan,Nan,Nan,Nan,Nan,Nan,Nan
21,нема,нема,verb,auxiliarry,Nan,Nan,Nan,Nan,Nan,Nan,progressive,Nan,Nan,Nan,indicative,Nan
21,боја,боја,noun,common,femine,singular,nominative,no,Nan,Nan,Nan,Nan,Nan,Nan,Nan,Nan
21,освен,освен,Nan,Nan,Nan,Nan,Nan,Nan,Nan,Nan,Nan,Nan,Nan,Nan,Nan,Nan
21,во,во,Nan,Nan,Nan,Nan,Nan,Nan,Nan,Nan,Nan,Nan,Nan,Nan,Nan,Nan
21,постерите,постер,noun,common,masculine,plural,nominative,yes,Nan,Nan,Nan,Nan,Nan,Nan,Nan,Nan
21,што,што,Nan,Nan,Nan,Nan,Nan,Nan,Nan,Nan,Nan,Nan,Nan,Nan,Nan,Nan
21,беа,сум,verb,auxiliarry,Nan,Nan,Nan,Nan,Nan,Nan,progressive,Nan,Nan,Nan,indicative,Nan
21,излепени,излепен,Nan,Nan,Nan,Nan,Nan,Nan,Nan,Nan,Nan,Nan,Nan,Nan,Nan,Nan
21,насекаде,насекаде,Nan,Nan,Nan,Nan,Nan,Nan,Nan,Nan,Nan,Nan,Nan,Nan,Nan,Nan
22,Црномустаклестото,црномустаклест,Nan,Nan,Nan,Nan,Nan,Nan,Nan,Nan,Nan,Nan,Nan,Nan,Nan,Nan
22,лице,лице,noun,common,neuter,singular,nominative,no,Nan,Nan,Nan,Nan,Nan,Nan,Nan,Nan
22,гледаше,гледа,verb,main,Nan,Nan,Nan,Nan,Nan,Nan,progressive,Nan,Nan,Nan,indicative,Nan
22,од,од,Nan,Nan,Nan,Nan,Nan,Nan,Nan,Nan,Nan,Nan,Nan,Nan,Nan,Nan
22,секој,секој,Nan,Nan,Nan,Nan,Nan,Nan,Nan,Nan,Nan,Nan,Nan,Nan,Nan,Nan
22,поистакнат,истакнат,Nan,Nan,Nan,Nan,Nan,Nan,Nan,Nan,Nan,Nan,Nan,Nan,Nan,Nan
22,агол,агол,noun,common,masculine,singular,nominative,no,Nan,Nan,Nan,Nan,Nan,Nan,Nan,Nan
23,Еден,еден,Nan,Nan,Nan,Nan,Nan,Nan,Nan,Nan,Nan,Nan,Nan,Nan,Nan,Nan
23,постер,постер,noun,common,masculine,singular,nominative,no,Nan,Nan,Nan,Nan,Nan,Nan,Nan,Nan
23,беше,сум,verb,auxiliarry,Nan,Nan,Nan,Nan,Nan,Nan,progressive,Nan,Nan,Nan,indicative,Nan
23,залепен,залепен,Nan,Nan,Nan,Nan,Nan,Nan,Nan,Nan,Nan,Nan,Nan,Nan,Nan,Nan
23,на,на,Nan,Nan,Nan,Nan,Nan,Nan,Nan,Nan,Nan,Nan,Nan,Nan,Nan,Nan
23,предната,преден,Nan,Nan,Nan,Nan,Nan,Nan,Nan,Nan,Nan,Nan,Nan,Nan,Nan,Nan
23,страна,страна,noun,common,femine,singular,nominative,no,Nan,Nan,Nan,Nan,Nan,Nan,Nan,Nan
23,од,од,Nan,Nan,Nan,Nan,Nan,Nan,Nan,Nan,Nan,Nan,Nan,Nan,Nan,Nan
23,куќата,куќа,noun,common,femine,singular,nominative,yes,Nan,Nan,Nan,Nan,Nan,Nan,Nan,Nan
23,токму,токму,Nan,Nan,Nan,Nan,Nan,Nan,Nan,Nan,Nan,Nan,Nan,Nan,Nan,Nan
23,отспротива,отспротива,Nan,Nan,Nan,Nan,Nan,Nan,Nan,Nan,Nan,Nan,Nan,Nan,Nan,Nan
24,ГОЛЕМИОТ,голем,Nan,Nan,Nan,Nan,Nan,Nan,Nan,Nan,Nan,Nan,Nan,Nan,Nan,Nan
24,БРАТ,брат,noun,common,masculine,singular,nominative,no,Nan,Nan,Nan,Nan,Nan,Nan,Nan,Nan
24,ТЕ,ти,Nan,Nan,Nan,Nan,Nan,Nan,Nan,Nan,Nan,Nan,Nan,Nan,Nan,Nan
24,ПОСМАТРА,посматра,verb,main,Nan,Nan,Nan,Nan,Nan,Nan,progressive,Nan,Nan,Nan,indicative,Nan
24,велеше,вели,verb,main,Nan,Nan,Nan,Nan,Nan,Nan,progressive,Nan,Nan,Nan,indicative,Nan
24,текстот,текст,noun,common,masculine,singular,nominative,yes,Nan,Nan,Nan,Nan,Nan,Nan,Nan,Nan
24,додека,додека,Nan,Nan,Nan,Nan,Nan,Nan,Nan,Nan,Nan,Nan,Nan,Nan,Nan,Nan
24,темните,темен,Nan,Nan,Nan,Nan,Nan,Nan,Nan,Nan,Nan,Nan,Nan,Nan,Nan,Nan
24,очи,око,noun,common,masculine,plural,nominative,no,Nan,Nan,Nan,Nan,Nan,Nan,Nan,Nan
24,гледаа,гледа,verb,main,Nan,Nan,Nan,Nan,Nan,Nan,progressive,Nan,Nan,Nan,indicative,Nan
24,длабоко,длабоко,Nan,Nan,Nan,Nan,Nan,Nan,Nan,Nan,Nan,Nan,Nan,Nan,Nan,Nan
24,во,во,Nan,Nan,Nan,Nan,Nan,Nan,Nan,Nan,Nan,Nan,Nan,Nan,Nan,Nan
24,Винстоновите,Винстонов,Nan,Nan,Nan,Nan,Nan,Nan,Nan,Nan,Nan,Nan,Nan,Nan,Nan,Nan
25,Долу,долу,Nan,Nan,Nan,Nan,Nan,Nan,Nan,Nan,Nan,Nan,Nan,Nan,Nan,Nan
25,на,на,Nan,Nan,Nan,Nan,Nan,Nan,Nan,Nan,Nan,Nan,Nan,Nan,Nan,Nan
25,нивото,ниво,noun,common,neuter,singular,nominative,yes,Nan,Nan,Nan,Nan,Nan,Nan,Nan,Nan
25,на,на,Nan,Nan,Nan,Nan,Nan,Nan,Nan,Nan,Nan,Nan,Nan,Nan,Nan,Nan
25,улицата,улица,noun,common,femine,singular,nominative,yes,Nan,Nan,Nan,Nan,Nan,Nan,Nan,Nan
25,друг,друг,Nan,Nan,Nan,Nan,Nan,Nan,Nan,Nan,Nan,Nan,Nan,Nan,Nan,Nan
25,постер,постер,noun,common,masculine,singular,nominative,no,Nan,Nan,Nan,Nan,Nan,Nan,Nan,Nan
25,одлепен,одлепен,Nan,Nan,Nan,Nan,Nan,Nan,Nan,Nan,Nan,Nan,Nan,Nan,Nan,Nan
25,на,на,Nan,Nan,Nan,Nan,Nan,Nan,Nan,Nan,Nan,Nan,Nan,Nan,Nan,Nan
25,едниот,еден,Nan,Nan,Nan,Nan,Nan,Nan,Nan,Nan,Nan,Nan,Nan,Nan,Nan,Nan
25,агол,агол,noun,common,masculine,singular,nominative,no,Nan,Nan,Nan,Nan,Nan,Nan,Nan,Nan
25,се,себе,Nan,Nan,Nan,Nan,Nan,Nan,Nan,Nan,Nan,Nan,Nan,Nan,Nan,Nan
25,мавташе,мавта,verb,main,Nan,Nan,Nan,Nan,Nan,Nan,progressive,Nan,Nan,Nan,indicative,Nan
25,повремено,повремено,Nan,Nan,Nan,Nan,Nan,Nan,Nan,Nan,Nan,Nan,Nan,Nan,Nan,Nan
25,на,на,Nan,Nan,Nan,Nan,Nan,Nan,Nan,Nan,Nan,Nan,Nan,Nan,Nan,Nan
25,ветрот,ветер,noun,common,masculine,singular,nominative,yes,Nan,Nan,Nan,Nan,Nan,Nan,Nan,Nan
25,наизменично,наизменично,Nan,Nan,Nan,Nan,Nan,Nan,Nan,Nan,Nan,Nan,Nan,Nan,Nan,Nan
25,покривајќи,покривајќи,Nan,Nan,Nan,Nan,Nan,Nan,Nan,Nan,Nan,Nan,Nan,Nan,Nan,Nan
25,го,тој,Nan,Nan,Nan,Nan,Nan,Nan,Nan,Nan,Nan,Nan,Nan,Nan,Nan,Nan
25,и,и,Nan,Nan,Nan,Nan,Nan,Nan,Nan,Nan,Nan,Nan,Nan,Nan,Nan,Nan
25,откривајќи,откривајќи,Nan,Nan,Nan,Nan,Nan,Nan,Nan,Nan,Nan,Nan,Nan,Nan,Nan,Nan
25,го,тој,Nan,Nan,Nan,Nan,Nan,Nan,Nan,Nan,Nan,Nan,Nan,Nan,Nan,Nan
25,единствениот,единствен,Nan,Nan,Nan,Nan,Nan,Nan,Nan,Nan,Nan,Nan,Nan,Nan,Nan,Nan
25,збор,збор,noun,common,masculine,singular,nominative,no,Nan,Nan,Nan,Nan,Nan,Nan,Nan,Nan
25,Ангсоц,Ангсоц,noun,proper,masculine,singular,nominative,no,Nan,Nan,Nan,Nan,Nan,Nan,Nan,Nan
26,Во,во,Nan,Nan,Nan,Nan,Nan,Nan,Nan,Nan,Nan,Nan,Nan,Nan,Nan,Nan
26,далечината,далечина,noun,common,femine,singular,nominative,yes,Nan,Nan,Nan,Nan,Nan,Nan,Nan,Nan
26,еден,еден,Nan,Nan,Nan,Nan,Nan,Nan,Nan,Nan,Nan,Nan,Nan,Nan,Nan,Nan
26,хеликоптер,хеликоптер,noun,common,masculine,singular,nominative,no,Nan,Nan,Nan,Nan,Nan,Nan,Nan,Nan
26,се,себе,Nan,Nan,Nan,Nan,Nan,Nan,Nan,Nan,Nan,Nan,Nan,Nan,Nan,Nan
26,урниса,урниса,verb,main,Nan,Nan,Nan,Nan,Nan,Nan,perfective,Nan,Nan,Nan,indicative,Nan
26,удолу,удолу,Nan,Nan,Nan,Nan,Nan,Nan,Nan,Nan,Nan,Nan,Nan,Nan,Nan,Nan
26,меѓу,меѓу,Nan,Nan,Nan,Nan,Nan,Nan,Nan,Nan,Nan,Nan,Nan,Nan,Nan,Nan
26,покривите,покрив,noun,common,masculine,plural,nominative,yes,Nan,Nan,Nan,Nan,Nan,Nan,Nan,Nan
26,рееше,рее,verb,main,Nan,Nan,Nan,Nan,Nan,Nan,progressive,Nan,Nan,Nan,indicative,Nan
26,за,за,Nan,Nan,Nan,Nan,Nan,Nan,Nan,Nan,Nan,Nan,Nan,Nan,Nan,Nan
26,миг,миг,noun,common,masculine,singular,nominative,no,Nan,Nan,Nan,Nan,Nan,Nan,Nan,Nan
26,како,како,Nan,Nan,Nan,Nan,Nan,Nan,Nan,Nan,Nan,Nan,Nan,Nan,Nan,Nan
26,мува,мува,noun,common,femine,singular,nominative,no,Nan,Nan,Nan,Nan,Nan,Nan,Nan,Nan
26,зујалка,зујалка,noun,common,femine,singular,nominative,no,Nan,Nan,Nan,Nan,Nan,Nan,Nan,Nan
26,и,и,Nan,Nan,Nan,Nan,Nan,Nan,Nan,Nan,Nan,Nan,Nan,Nan,Nan,Nan
26,одлета,одлета,verb,main,Nan,Nan,Nan,Nan,Nan,Nan,perfective,Nan,Nan,Nan,indicative,Nan
26,повторно,повторно,Nan,Nan,Nan,Nan,Nan,Nan,Nan,Nan,Nan,Nan,Nan,Nan,Nan,Nan
26,кревајќи,кревајќи,Nan,Nan,Nan,Nan,Nan,Nan,Nan,Nan,Nan,Nan,Nan,Nan,Nan,Nan
26,се,себе,Nan,Nan,Nan,Nan,Nan,Nan,Nan,Nan,Nan,Nan,Nan,Nan,Nan,Nan
27,Беше,сум,verb,auxiliarry,Nan,Nan,Nan,Nan,Nan,Nan,progressive,Nan,Nan,Nan,indicative,Nan
27,тоа,тоа,Nan,Nan,Nan,Nan,Nan,Nan,Nan,Nan,Nan,Nan,Nan,Nan,Nan,Nan
27,полициска,полициски,Nan,Nan,Nan,Nan,Nan,Nan,Nan,Nan,Nan,Nan,Nan,Nan,Nan,Nan
27,патрола,патрола,noun,common,femine,singular,nominative,no,Nan,Nan,Nan,Nan,Nan,Nan,Nan,Nan
27,што,што,Nan,Nan,Nan,Nan,Nan,Nan,Nan,Nan,Nan,Nan,Nan,Nan,Nan,Nan
27,ѕирка,ѕирка,verb,main,Nan,Nan,Nan,Nan,Nan,Nan,progressive,Nan,Nan,Nan,indicative,Nan
27,во,во,Nan,Nan,Nan,Nan,Nan,Nan,Nan,Nan,Nan,Nan,Nan,Nan,Nan,Nan
27,прозорците,прозорец,noun,common,masculine,plural,nominative,yes,Nan,Nan,Nan,Nan,Nan,Nan,Nan,Nan
27,на,на,Nan,Nan,Nan,Nan,Nan,Nan,Nan,Nan,Nan,Nan,Nan,Nan,Nan,Nan
27,луѓето,човек,noun,common,masculine,plural,nominative,yes,Nan,Nan,Nan,Nan,Nan,Nan,Nan,Nan
28,Патролата,патрола,noun,common,femine,singular,nominative,yes,Nan,Nan,Nan,Nan,Nan,Nan,Nan,Nan
28,меѓутоа,меѓутоа,Nan,Nan,Nan,Nan,Nan,Nan,Nan,Nan,Nan,Nan,Nan,Nan,Nan,Nan
28,не,не,Nan,Nan,Nan,Nan,Nan,Nan,Nan,Nan,Nan,Nan,Nan,Nan,Nan,Nan
28,беше,сум,verb,auxiliarry,Nan,Nan,Nan,Nan,Nan,Nan,progressive,Nan,Nan,Nan,indicative,Nan
28,важна,важен,Nan,Nan,Nan,Nan,Nan,Nan,Nan,Nan,Nan,Nan,Nan,Nan,Nan,Nan
29,Важна,важен,Nan,Nan,Nan,Nan,Nan,Nan,Nan,Nan,Nan,Nan,Nan,Nan,Nan,Nan
29,беше,сум,verb,auxiliarry,Nan,Nan,Nan,Nan,Nan,Nan,progressive,Nan,Nan,Nan,indicative,Nan
29,само,само,Nan,Nan,Nan,Nan,Nan,Nan,Nan,Nan,Nan,Nan,Nan,Nan,Nan,Nan
29,Полицијата,полиција,noun,common,femine,singular,nominative,yes,Nan,Nan,Nan,Nan,Nan,Nan,Nan,Nan
29,на,на,Nan,Nan,Nan,Nan,Nan,Nan,Nan,Nan,Nan,Nan,Nan,Nan,Nan,Nan
29,мислите,мисла,noun,common,femine,plural,nominative,yes,Nan,Nan,Nan,Nan,Nan,Nan,Nan,Nan
30,Зад,зад,Nan,Nan,Nan,Nan,Nan,Nan,Nan,Nan,Nan,Nan,Nan,Nan,Nan,Nan
30,грбот,грб,noun,common,masculine,singular,nominative,yes,Nan,Nan,Nan,Nan,Nan,Nan,Nan,Nan
30,на,на,Nan,Nan,Nan,Nan,Nan,Nan,Nan,Nan,Nan,Nan,Nan,Nan,Nan,Nan
30,Винстон,Винстон,noun,proper,masculine,singular,nominative,no,Nan,Nan,Nan,Nan,Nan,Nan,Nan,Nan
30,гласот,глас,noun,common,masculine,singular,nominative,yes,Nan,Nan,Nan,Nan,Nan,Nan,Nan,Nan
30,од,од,Nan,Nan,Nan,Nan,Nan,Nan,Nan,Nan,Nan,Nan,Nan,Nan,Nan,Nan
30,телекранот,телекран,noun,common,masculine,singular,nominative,yes,Nan,Nan,Nan,Nan,Nan,Nan,Nan,Nan
30,сè,сè,Nan,Nan,Nan,Nan,Nan,Nan,Nan,Nan,Nan,Nan,Nan,Nan,Nan,Nan
30,уште,уште,Nan,Nan,Nan,Nan,Nan,Nan,Nan,Nan,Nan,Nan,Nan,Nan,Nan,Nan
30,дрдореше,дрдори,verb,main,Nan,Nan,Nan,Nan,Nan,Nan,progressive,Nan,Nan,Nan,indicative,Nan
30,за,за,Nan,Nan,Nan,Nan,Nan,Nan,Nan,Nan,Nan,Nan,Nan,Nan,Nan,Nan
30,суровото,суров,Nan,Nan,Nan,Nan,Nan,Nan,Nan,Nan,Nan,Nan,Nan,Nan,Nan,Nan
30,железо,железо,noun,common,neuter,singular,nominative,no,Nan,Nan,Nan,Nan,Nan,Nan,Nan,Nan
30,и,и,Nan,Nan,Nan,Nan,Nan,Nan,Nan,Nan,Nan,Nan,Nan,Nan,Nan,Nan
30,за,за,Nan,Nan,Nan,Nan,Nan,Nan,Nan,Nan,Nan,Nan,Nan,Nan,Nan,Nan
30,натфрлувањето,натфрлување,noun,common,neuter,singular,nominative,yes,Nan,Nan,Nan,Nan,Nan,Nan,Nan,Nan
30,на,на,Nan,Nan,Nan,Nan,Nan,Nan,Nan,Nan,Nan,Nan,Nan,Nan,Nan,Nan
30,деветтиот,деветти,Nan,Nan,Nan,Nan,Nan,Nan,Nan,Nan,Nan,Nan,Nan,Nan,Nan,Nan
30,Тригодишен,тригодишен,Nan,Nan,Nan,Nan,Nan,Nan,Nan,Nan,Nan,Nan,Nan,Nan,Nan,Nan
30,план,план,noun,common,masculine,singular,nominative,no,Nan,Nan,Nan,Nan,Nan,Nan,Nan,Nan
31,Телекранот,телекран,noun,common,masculine,singular,nominative,yes,Nan,Nan,Nan,Nan,Nan,Nan,Nan,Nan
31,примаше,прима,verb,main,Nan,Nan,Nan,Nan,Nan,Nan,progressive,Nan,Nan,Nan,indicative,Nan
31,и,и,Nan,Nan,Nan,Nan,Nan,Nan,Nan,Nan,Nan,Nan,Nan,Nan,Nan,Nan
31,емитуваше,емитува,verb,main,Nan,Nan,Nan,Nan,Nan,Nan,progressive,Nan,Nan,Nan,indicative,Nan
31,истовремено,истовремено,Nan,Nan,Nan,Nan,Nan,Nan,Nan,Nan,Nan,Nan,Nan,Nan,Nan,Nan
32,Секој,секој,Nan,Nan,Nan,Nan,Nan,Nan,Nan,Nan,Nan,Nan,Nan,Nan,Nan,Nan
32,звук,звук,noun,common,masculine,singular,nominative,no,Nan,Nan,Nan,Nan,Nan,Nan,Nan,Nan
32,што,што,Nan,Nan,Nan,Nan,Nan,Nan,Nan,Nan,Nan,Nan,Nan,Nan,Nan,Nan
32,ќе,ќе,Nan,Nan,Nan,Nan,Nan,Nan,Nan,Nan,Nan,Nan,Nan,Nan,Nan,Nan
32,го,тој,Nan,Nan,Nan,Nan,Nan,Nan,Nan,Nan,Nan,Nan,Nan,Nan,Nan,Nan
32,направеше,направи,verb,main,Nan,Nan,Nan,Nan,Nan,Nan,perfective,Nan,Nan,Nan,indicative,Nan
32,Винстон,Винстон,noun,proper,masculine,singular,nominative,no,Nan,Nan,Nan,Nan,Nan,Nan,Nan,Nan
32,над,над,Nan,Nan,Nan,Nan,Nan,Nan,Nan,Nan,Nan,Nan,Nan,Nan,Nan,Nan
32,нивото,ниво,noun,common,neuter,singular,nominative,yes,Nan,Nan,Nan,Nan,Nan,Nan,Nan,Nan
32,на,на,Nan,Nan,Nan,Nan,Nan,Nan,Nan,Nan,Nan,Nan,Nan,Nan,Nan,Nan
32,сосем,сосем,Nan,Nan,Nan,Nan,Nan,Nan,Nan,Nan,Nan,Nan,Nan,Nan,Nan,Nan
32,тивок,тивок,Nan,Nan,Nan,Nan,Nan,Nan,Nan,Nan,Nan,Nan,Nan,Nan,Nan,Nan
32,шепот,шепот,noun,common,masculine,singular,nominative,no,Nan,Nan,Nan,Nan,Nan,Nan,Nan,Nan
32,беше,сум,verb,auxiliarry,Nan,Nan,Nan,Nan,Nan,Nan,progressive,Nan,Nan,Nan,indicative,Nan
32,фаќан,фаќан,Nan,Nan,Nan,Nan,Nan,Nan,Nan,Nan,Nan,Nan,Nan,Nan,Nan,Nan
32,од,од,Nan,Nan,Nan,Nan,Nan,Nan,Nan,Nan,Nan,Nan,Nan,Nan,Nan,Nan
32,него,тој,Nan,Nan,Nan,Nan,Nan,Nan,Nan,Nan,Nan,Nan,Nan,Nan,Nan,Nan
32,згора,згора,Nan,Nan,Nan,Nan,Nan,Nan,Nan,Nan,Nan,Nan,Nan,Nan,Nan,Nan
32,на,на,Nan,Nan,Nan,Nan,Nan,Nan,Nan,Nan,Nan,Nan,Nan,Nan,Nan,Nan
32,тоа,тоа,Nan,Nan,Nan,Nan,Nan,Nan,Nan,Nan,Nan,Nan,Nan,Nan,Nan,Nan
32,сè,сè,Nan,Nan,Nan,Nan,Nan,Nan,Nan,Nan,Nan,Nan,Nan,Nan,Nan,Nan
32,додека,додека,Nan,Nan,Nan,Nan,Nan,Nan,Nan,Nan,Nan,Nan,Nan,Nan,Nan,Nan
32,се,себе,Nan,Nan,Nan,Nan,Nan,Nan,Nan,Nan,Nan,Nan,Nan,Nan,Nan,Nan
32,наоѓаше,наоѓа,verb,main,Nan,Nan,Nan,Nan,Nan,Nan,progressive,Nan,Nan,Nan,indicative,Nan
32,во,во,Nan,Nan,Nan,Nan,Nan,Nan,Nan,Nan,Nan,Nan,Nan,Nan,Nan,Nan
32,видното,виден,Nan,Nan,Nan,Nan,Nan,Nan,Nan,Nan,Nan,Nan,Nan,Nan,Nan,Nan
32,поле,поле,noun,common,neuter,singular,nominative,no,Nan,Nan,Nan,Nan,Nan,Nan,Nan,Nan
32,што,што,Nan,Nan,Nan,Nan,Nan,Nan,Nan,Nan,Nan,Nan,Nan,Nan,Nan,Nan
32,го,тој,Nan,Nan,Nan,Nan,Nan,Nan,Nan,Nan,Nan,Nan,Nan,Nan,Nan,Nan
